NSIN0018472693;555;SA1712L;Рычаг подвески | перед лев |;1,68;1;1343,68;2123,14;2;0;SA-1712L;"SA-1712R;51376;0501-050;0501-051;0505-DEM;0524-DEM;D201-34-350A;HCA-3814L;";MAZDA Demio DW3W 00- , KIA AVELLA 94- LOW L;SA1712L
NSIN0018472694;555;SA1712R;Рычаг подвески | перед прав |;1,68;1;1343,68;2123,14;2;0;SA-1712R;"SA-1712L;51377;D201-34-300E;HCA-3814R;D20134300A;D201-34-300B;D201-34-300C;";MAZDA Demio DW3W 00- , KIA AVELLA 94- LOW R;SA1712R
NSIN0013720132;555;SA4791L;Рычаг подвески | перед лев |;1,62;1;1478,05;2245,64;2;0;SA-4791L;"C5011L;JTC600;41272;24667;24667 02;12962;936812;82 73 0006;0201-326;0201-327;02020437;0224-327;0224-328;0224-328;102-01-101;54525-2F010;54525-3J201;54525-90J10;57-74003-SX;96-02383-2;ADN18640;AW1360489L;HA801103;HCA-4414L;J4921001;JDCS630L;NAB-326;SH545252F010;TC797;SA-5711;CQN-52;JTC1116;JTC644;24667 03;5741835036;102101;183510015;3436100051;54525-2F000;545252F010;54525-2J001;54525-3F010;54525-50J00;54525-65J00;54525-86J01;54525-86J10;54525-90J00;54525-90J21;5740103;CS630L;J81005;J81005JC;J81005YMT;ML-101;N754-01J;NAB-326;NI-TC-0567;SCA-6501;";NISSAN PRIMERA P10 LH;SA4791L
NSIN0013720133;555;SA4791R;Рычаг подвески | перед прав |;1,62;1;1478,05;2245,64;2;0;SA-4791R;"C5011R;G6-660;JTC596;41272;41273;24666;24666 02;12961;936813;82 73 0005;0201-326;0201-327;0224-327;0224-327;0224-328;54524-3J201;57-74004-SX;ADN18639;HA802104;J4931001;JDCS630R;NAB-327;TC798;SA-5712;CQN-51;X555SA4791R;G6-1247;JTC1115;5741835037;102-01-100;102100;183510025;48066-35060;5012212;545242010;54524-2F000;54524-2F010;54524-2J001;54524-3F010;54524-50J00;54524-65J00;54524-86J01;54524-86J02;54524-86J10;54524-90J00;54524-90J10;54524-90J21;5740104;96-02383-1;A1-2976;AW1360490R;CS630R;HCA-4414R;J81004;J81004JC;J81004YMT;ML-100;N420N52;N420N70;N753-01J;NAB-327;NI-TC-0566;QSJ1721S;SCA-6504;";NISSAN PRIMERA P10 RH;SA4791R
NSIN0013720147;555;SA7754L;Рычаг подвески | перед лев |;2,27;1;1986,52;3380,36;2;0;SA-7754L;"CBM-25;0424E55DL;57-72005-SX;AW1360540L;J35014;MR296296;MR972465;C5227L;SA5502;JTC7503;71176;5720105;J35014YMT;MB162579;MB912509;MI-WP-2763;MR162579;MR162580;MR165280;MR296295;MR296695;MR325005;MR325577;SCA-5514;";MMC GALANT 92- LOW L;SA7754L
NSIN0013720158;555;SB1521;Опора шаровая | перед прав/лев |;0,35;1;500,7;962,72;3;0;SB-1521;"C1104LR;CBMZ-20;CBMZ-24;JBJ 439;15480;15480 02;0520-020;111-03-320;8AU1-34-540;ABJ0406;TC588;UH71-34-540;UH74-34-550;SB5104;52084;42398;83 94 2398;0520-020;111320;5710205;8AU2-34-510;8AU3-34-510;93-19554;ADM58611;DB1053;DB1301;J23001JC;J23001YMT;SBJ-4511;TI-320;UB39-34-540A;UB39-99-354;UB39-99-356;UH71-34-550;";MAZDA B2000;SB1521
NSIN0016249677;555;SB1652;Опора шаровая | перед прав/лев |;0,375;1;457,56;722,98;6;0;SB-1652;"CBMZ-17;JBJ822;51683;29357;42423;0520-MZ3;ABJ0403;AW1320194LR;B32H-34-300;B32H-34-350;BBM2-34-300A;BBM2-34-350A;C513-34-300;C513-34-350;MD-BJ-4869;MZ2001BJ;C1182LR;B32H-34-300A;B32H-34-300B;B32H-34-300C;B32H-34-300D;B32H-34-300E;B32H-34-350A;B32H-34-350B;B32H-34-350C;B32H-34-350D;B32H-34-350E;B39D-34-300;B39D-34-350;BBM2-34-300;BBM2-34-350;BK3P-34-300D;BLEFP-34-300;BLEFP-34-350;BP4K34300A;BP4K34300B;BP4K-34-300E;BP4K34350A;BP4K34350B;BP4K-34-350E;CC30-34-300E;CC30-34-350E;CD99-34-300A;CD99-34-350A;DB1194;M420A28;";MAZDA AXELA BK3P 03-;SB1652
NSIN0019692408;555;SB1672;Опора шаровая | перед прав/лев |;1,255;1;1147,79;1883,37;2;0;SB-1672;"40160-HA00A;ABJ0407;KAT-1018NIS;S47S-34-550A;C1336LR;40160-HA200;S47S-34-550;S4S7-34-550A;";Bongo 4wd SK82V, SK22T;SB1672
NSIN0019725070;555;SB1772;Опора шаровая | перед прав/лев |;0,42;1;543,84;892,34;4;0;SB-1772;"CBMZ-46;51080;0520-CX;C1260LR;ER3P-34-300;ER3P-34-300D;ER3P-34-350;ER3P-34-350D;TB11-34-300;TB11-34-300B;TB11-34-350;TB11-34-350B;";MAZDA CX-9 TB 07-;SB1772
NSIN0013720168;555;SB2292;Опора шаровая | перед прав/лев |;0,6;1;587,68;964,3;2;0;SB-2292;"C1074LR;SB-7549;CBT-12;JBJ214;48068-49075;48069-49075;ABJ0124;BJ-211;JSB0046;JTC 752;JTC 753;JTC 758;JTC 759;45487;15713;15713 01;16483 02;43308-29015;43308-29015;43308-29115;43308-29115;48068-29095;48068-29115;48068-49035;48068-49036;4806929;48069-29095;48069-29115;48069-49035;48069-49036;52-00319-SX;73-02-211;73-02-212;73211;73212;BJ-212;BRBT12;DB1216;SBJ-9020;TC408;TO-BJ-10025;";TOYOTA MARK-II CHASER GX80;SB2292
NSIN0013720169;555;SB2381;Опора шаровая | перед прав/лев |;0,64;1;535,35;